{
  "pronoun_ratio": {
    "0.3": {
      "IE": {
        "APS": 0.0018420052177032392,
        "TFR": 0.2881844380403458,
        "SR": 0.9981579947822967
      },
      "NS": {
        "APS": 0.0062496856477229955,
        "TFR": 0.9798270893371758,
        "SR": 0.993750314352277
      },
      "TF": {
        "APS": 0.011681626140253627,
        "TFR": 2.07492795389049,
        "SR": 0.9883183738597464
      },
      "JP": {
        "APS": 0.007464735736549982,
        "TFR": 2.07492795389049,
        "SR": 0.9925352642634501
      }
    },
    "0.5": {
      "IE": {
        "APS": 0.003070888359571855,
        "TFR": 0.46109510086455335,
        "SR": 0.9969291116404282
      },
      "NS": {
        "APS": 0.010406846068377471,
        "TFR": 1.5561959654178674,
        "SR": 0.9895931539316225
      },
      "TF": {
        "APS": 0.019562716421821235,
        "TFR": 3.515850144092219,
        "SR": 0.9804372835781787
      },
      "JP": {
        "APS": 0.012442092317503218,
        "TFR": 3.112391930835735,
        "SR": 0.9875579076824967
      }
    },
    "1.0": {
      "IE": {
        "APS": 0.006145834233243892,
        "TFR": 0.7492795389048991,
        "SR": 0.9938541657667561
      },
      "NS": {
        "APS": 0.020752368101350144,
        "TFR": 3.342939481268011,
        "SR": 0.9792476318986498
      },
      "TF": {
        "APS": 0.039510834456629146,
        "TFR": 7.1469740634005765,
        "SR": 0.9604891655433708
      },
      "JP": {
        "APS": 0.02486274208793651,
        "TFR": 6.109510086455332,
        "SR": 0.9751372579120635
      }
    }
  },
  "modality_score": {
    "0.3": {
      "IE": {
        "APS": 0.003531286611924574,
        "TFR": 0.5187319884726225,
        "SR": 0.9964687133880754
      },
      "NS": {
        "APS": 0.001826067749779339,
        "TFR": 0.23054755043227668,
        "SR": 0.9981739322502207
      },
      "TF": {
        "APS": 0.008522153539351323,
        "TFR": 1.095100864553314,
        "SR": 0.9914778464606486
      },
      "JP": {
        "APS": 0.0020364863619612866,
        "TFR": 0.5187319884726225,
        "SR": 0.9979635136380387
      }
    },
    "0.5": {
      "IE": {
        "APS": 0.005884601598242496,
        "TFR": 1.037463976945245,
        "SR": 0.9941153984017576
      },
      "NS": {
        "APS": 0.003043576044664812,
        "TFR": 0.6340057636887608,
        "SR": 0.9969564239553352
      },
      "TF": {
        "APS": 0.014220459102227447,
        "TFR": 2.2478386167146973,
        "SR": 0.9857795408977725
      },
      "JP": {
        "APS": 0.0033946830665496134,
        "TFR": 0.5763688760806917,
        "SR": 0.9966053169334503
      }
    },
    "1.0": {
      "IE": {
        "APS": 0.011762473813214266,
        "TFR": 2.07492795389049,
        "SR": 0.9882375261867857
      },
      "NS": {
        "APS": 0.006087519239259104,
        "TFR": 0.9221902017291067,
        "SR": 0.9939124807607409
      },
      "TF": {
        "APS": 0.028493816508965736,
        "TFR": 4.84149855907781,
        "SR": 0.9715061834910342
      },
      "JP": {
        "APS": 0.006791511638709081,
        "TFR": 1.6138328530259365,
        "SR": 0.9932084883612909
      }
    }
  },
  "emotion_intensity": {
    "0.3": {
      "IE": {
        "APS": 0.00328004785131325,
        "TFR": 0.8645533141210375,
        "SR": 0.9967199521486868
      },
      "NS": {
        "APS": 0.0015308288217424006,
        "TFR": 0.11527377521613834,
        "SR": 0.9984691711782576
      },
      "TF": {
        "APS": 0.006762157113102677,
        "TFR": 1.037463976945245,
        "SR": 0.9932378428868973
      },
      "JP": {
        "APS": 0.0016003038685772964,
        "TFR": 0.5763688760806917,
        "SR": 0.9983996961314227
      }
    },
    "0.5": {
      "IE": {
        "APS": 0.005469240823836531,
        "TFR": 1.3256484149855907,
        "SR": 0.9945307591761635
      },
      "NS": {
        "APS": 0.0025518660096847134,
        "TFR": 0.1729106628242075,
        "SR": 0.9974481339903153
      },
      "TF": {
        "APS": 0.011299301608540707,
        "TFR": 1.8443804034582134,
        "SR": 0.9887006983914592
      },
      "JP": {
        "APS": 0.002667312675679521,
        "TFR": 0.7492795389048991,
        "SR": 0.9973326873243205
      }
    },
    "1.0": {
      "IE": {
        "APS": 0.010949087006781287,
        "TFR": 2.07492795389049,
        "SR": 0.9890509129932187
      },
      "NS": {
        "APS": 0.0051059294735465105,
        "TFR": 0.4034582132564841,
        "SR": 0.9948940705264535
      },
      "TF": {
        "APS": 0.022721502748316035,
        "TFR": 3.2853025936599423,
        "SR": 0.9772784972516839
      },
      "JP": {
        "APS": 0.00533500950211749,
        "TFR": 1.5561959654178674,
        "SR": 0.9946649904978825
      }
    }
  },
  "lexical_diversity": {
    "0.3": {
      "IE": {
        "APS": 0.004093510300658394,
        "TFR": 0.8069164265129682,
        "SR": 0.9959064896993416
      },
      "NS": {
        "APS": 0.0037028968001699934,
        "TFR": 0.46109510086455335,
        "SR": 0.99629710319983
      },
      "TF": {
        "APS": 0.01110795851779276,
        "TFR": 1.6138328530259365,
        "SR": 0.9888920414822072
      },
      "JP": {
        "APS": 0.0003365960307819538,
        "TFR": 0.23054755043227668,
        "SR": 0.999663403969218
      }
    },
    "0.5": {
      "IE": {
        "APS": 0.006822536367274838,
        "TFR": 1.4985590778097981,
        "SR": 0.9931774636327252
      },
      "NS": {
        "APS": 0.006170128750754358,
        "TFR": 0.7492795389048991,
        "SR": 0.9938298712492456
      },
      "TF": {
        "APS": 0.018553274310715594,
        "TFR": 2.76657060518732,
        "SR": 0.9814467256892844
      },
      "JP": {
        "APS": 0.0005609926736778143,
        "TFR": 0.2881844380403458,
        "SR": 0.9994390073263222
      }
    },
    "1.0": {
      "IE": {
        "APS": 0.013637846273752679,
        "TFR": 2.881844380403458,
        "SR": 0.9863621537262474
      },
      "NS": {
        "APS": 0.012328346055183351,
        "TFR": 1.729106628242075,
        "SR": 0.9876716539448166
      },
      "TF": {
        "APS": 0.03718644364651907,
        "TFR": 6.455331412103746,
        "SR": 0.962813556353481
      },
      "JP": {
        "APS": 0.001121979887979805,
        "TFR": 0.4034582132564841,
        "SR": 0.9988780201120202
      }
    }
  },
  "readability_score": {
    "0.3": {
      "IE": {
        "APS": 0.005801775200664507,
        "TFR": 0.9798270893371758,
        "SR": 0.9941982247993355
      },
      "NS": {
        "APS": 0.013822583268955182,
        "TFR": 1.729106628242075,
        "SR": 0.9861774167310449
      },
      "TF": {
        "APS": 0.00844407459283581,
        "TFR": 1.2103746397694526,
        "SR": 0.9915559254071642
      },
      "JP": {
        "APS": 0.01140692610669153,
        "TFR": 2.132564841498559,
        "SR": 0.9885930738933084
      }
    },
    "0.5": {
      "IE": {
        "APS": 0.009680130649993195,
        "TFR": 1.729106628242075,
        "SR": 0.9903198693500068
      },
      "NS": {
        "APS": 0.023135662092578613,
        "TFR": 3.342939481268011,
        "SR": 0.9768643379074213
      },
      "TF": {
        "APS": 0.014117162746575377,
        "TFR": 2.2478386167146973,
        "SR": 0.9858828372534246
      },
      "JP": {
        "APS": 0.01903601980280183,
        "TFR": 3.342939481268011,
        "SR": 0.9809639801971982
      }
    },
    "1.0": {
      "IE": {
        "APS": 0.019404080944544783,
        "TFR": 3.45821325648415,