{
  "cognitive_only": {
    "f1_macro": {
      "IE": 0.4591261753772141,
      "NS": 0.30693160475993875,
      "TF": 0.5755280748663102,
      "JP": 0.3864127182772316
    },
    "precision_macro": {
      "IE": 0.5102456930724892,
      "NS": 0.5139584445277219,
      "TF": 0.5754858895639954,
      "JP": 0.594336428709615
    },
    "recall_macro": {
      "IE": 0.5143017643298052,
      "NS": 0.5205546265328874,
      "TF": 0.575594960960286,
      "JP": 0.5027091180817138
    },
    "auc": {
      "IE": 0.533787345728632,
      "NS": 0.5616527313266444,
      "TF": 0.6032237866649541,
      "JP": 0.519804826827561
    },
    "averages": {
      "f1": 0.43199964332017365,
      "precision": 0.5485066139684553,
      "recall": 0.5282901174761732,
      "auc": 0.5546171726369479
    }
  },
  "semantic_only": {
    "f1_macro": {
      "IE": 0.5130585776349896,
      "NS": 0.4805228482433497,
      "TF": 0.5812822845126133,
      "JP": 0.514070858153489
    },
    "precision_macro": {
      "IE": 0.5288619356465079,
      "NS": 0.5138157017312369,
      "TF": 0.5812352373487745,
      "JP": 0.5160385706303952
    },
    "recall_macro": {
      "IE": 0.5393814937917575,
      "NS": 0.5271390746934225,
      "TF": 0.5815352053130403,
      "JP": 0.5166658333055546
    },
    "auc": {
      "IE": 0.5617197635596167,
      "NS": 0.5397965440356745,
      "TF": 0.6104885449612278,
      "JP": 0.5223382446081536
    },
    "averages": {
      "f1": 0.5222336421361105,
      "precision": 0.5349878613392285,
      "recall": 0.5411804017759437,
      "auc": 0.5585857742911682
    }
  },
  "joint_fused": {
    "f1_macro": {
      "IE": 0.5036330640856849,
      "NS": 0.5149499333896675,
      "TF": 0.5837962949022536,
      "JP": 0.5257522885848441
    },
    "precision_macro": {
      "IE": 0.5037597535775968,
      "NS": 0.5147984171775162,
      "TF": 0.5838226198986354,
      "JP": 0.5257589485474157
    },
    "recall_macro": {
      "IE": 0.503646244209566,
      "NS": 0.5178023968784838,
      "TF": 0.5837735000883009,
      "JP": 0.5257459970887919
    },
    "auc": {
      "IE": 0.5269734210201632,
      "NS": 0.5263935340022297,
      "TF": 0.6175780392912378,
      "JP": 0.5380873806904675
    },
    "averages": {
      "f1": 0.5320328952406126,
      "precision": 0.5320349348002911,
      "recall": 0.5327420345662857,
      "auc": 0.5522580937510245
    }
  }
}