{
  "separate_scaling": {
    "IE": {
      "f1_macro": 0.5046335950987691
    },
    "NS": {
      "f1_macro": 0.4869260700389105
    },
    "TF": {
      "f1_macro": 0.6059578583986618
    },
    "JP": {
      "f1_macro": 0.5199277584679343
    },
    "average": 0.529361320501069
  },
  "joint_scaling": {
    "IE": {
      "f1_macro": 0.47680447330689973
    },
    "NS": {
      "f1_macro": 0.453508337433347
    },
    "TF": {
      "f1_macro": 0.5291764012460263
    },
    "JP": {
      "f1_macro": 0.5043695304169497
    },
    "average": 0.49096468560080564
  },
  "no_scaling": {
    "IE": {
      "f1_macro": 0.4785508329634054
    },
    "NS": {
      "f1_macro": 0.45387641526340977
    },
    "TF": {
      "f1_macro": 0.528565460729097
    },
    "JP": {
      "f1_macro": 0.5036841859416878
    },
    "average": 0.49116922372440003
  }
}