{
  "pronoun_ratio": 0.1333065629005432,
  "modality_score": 0.009794931858778,
  "emotion_intensity": 0.0,
  "lexical_diversity": 0.9162969589233398,
  "readability_score": 77.40396118164062,
  "negation_count": 0.33035528659820557,
  "sentence_length": 246.4381866455078,
  "reasoning": 0.11019637435674667,
  "planning": 0.010335314087569714,
  "uncertainty": 0.04369121044874191
}