{
  "alpha_0.5": {
    "IE": {
      "f1_macro": 0.5046335950987691
    },
    "NS": {
      "f1_macro": 0.4873057881418007
    },
    "TF": {
      "f1_macro": 0.6059578583986618
    },
    "JP": {
      "f1_macro": 0.5204289362583925
    },
    "average": 0.5295815444744061
  },
  "alpha_1": {
    "IE": {
      "f1_macro": 0.5046335950987691
    },
    "NS": {
      "f1_macro": 0.4869260700389105
    },
    "TF": {
      "f1_macro": 0.6059578583986618
    },
    "JP": {
      "f1_macro": 0.5199277584679343
    },
    "average": 0.529361320501069
  },
  "alpha_2": {
    "IE": {
      "f1_macro": 0.5050600740781421
    },
    "NS": {
      "f1_macro": 0.4869260700389105
    },
    "TF": {
      "f1_macro": 0.6059578583986618
    },
    "JP": {
      "f1_macro": 0.5199277584679343
    },
    "average": 0.5294679402459121
  }
}