{
  "IE": {
    "f1_macro": 0.7786468948294674
  },
  "NS": {
    "f1_macro": 0.780919044484936
  },
  "TF": {
    "f1_macro": 0.836077094394261
  },
  "JP": {
    "f1_macro": 0.7729453847496074
  },
  "average": 0.7921471046145678
}