{
  "validation_results": {
    "C_0.01": {
      "IE": 0.5363610885226946,
      "NS": 0.4964893032463255,
      "TF": 0.581960637215772,
      "JP": 0.5410744676347319,
      "average": 0.5389713741548809
    },
    "C_0.1": {
      "IE": 0.5330800396048959,
      "NS": 0.5001794753796596,
      "TF": 0.5827608922243068,
      "JP": 0.540154972255602,
      "average": 0.5390438448661161
    },
    "C_1": {
      "IE": 0.5322445832869839,
      "NS": 0.49203407891425416,
      "TF": 0.5778763268124771,
      "JP": 0.5393283987505093,
      "average": 0.5353708469410561
    },
    "C_5": {
      "IE": 0.527316465234907,
      "NS": 0.4912902774224821,
      "TF": 0.5779314693070151,
      "JP": 0.5394872609476019,
      "average": 0.5340063682280015
    },
    "C_10": {
      "IE": 0.527316465234907,
      "NS": 0.49166210295728363,
      "TF": 0.5767751171681303,
      "JP": 0.5406650428889124,
      "average": 0.5341046820623083
    }
  },
  "test_results": {
    "IE": {
      "f1_macro": 0.501137737663401
    },
    "NS": {
      "f1_macro": 0.4975719504588791
    },
    "TF": {
      "f1_macro": 0.5993927260593926
    },
    "JP": {
      "f1_macro": 0.5152593144808262
    },
    "average": 0.5283404321656248
  },
  "best_config": {
    "step": "lr_tuning",
    "C_values": [
      0.01,
      0.1,
      1,
      5,
      10
    ],
    "best_C_overall": 0.1,
    "best_C_per_dim": {
      "IE": 0.01,
      "NS": 0.1,
      "TF": 0.1,
      "JP": 0.01
    },
    "random_state": 42
  }
}