{
  "no_pca": {
    "IE": {
      "f1_macro": 0.5046335950987691
    },
    "NS": {
      "f1_macro": 0.4869260700389105
    },
    "TF": {
      "f1_macro": 0.6059578583986618
    },
    "JP": {
      "f1_macro": 0.5199277584679343
    },
    "average": 0.529361320501069
  },
  "pca_S_90": {
    "IE": {
      "f1_macro": 0.5010077331755622
    },
    "NS": {
      "f1_macro": 0.4875603611832877
    },
    "TF": {
      "f1_macro": 0.6254826872186823
    },
    "JP": {
      "f1_macro": 0.5144136579904841
    },
    "average": 0.5321161098920041,
    "n_components": 193
  },
  "pca_S_95": {
    "IE": {
      "f1_macro": 0.5100912638013095
    },
    "NS": {
      "f1_macro": 0.4818348302055123
    },
    "TF": {
      "f1_macro": 0.6187498520334686
    },
    "JP": {
      "f1_macro": 0.5230058196338303
    },
    "average": 0.5334204414185302,
    "n_components": 303
  },
  "pca_J_90": {
    "IE": {
      "f1_macro": 0.46902461417391683
    },
    "NS": {
      "f1_macro": 0.43679911377450725
    },
    "TF": {
      "f1_macro": 0.5058914023054586
    },
    "JP": {
      "f1_macro": 0.5024724091625913
    },
    "average": 0.47854688485411845,
    "n_components": 195
  },
  "pca_J_95": {
    "IE": {
      "f1_macro": 0.48415262747525123
    },
    "NS": {
      "f1_macro": 0.44731393205761216
    },
    "TF": {
      "f1_macro": 0.5121281207144928
    },
    "JP": {
      "f1_macro": 0.5130706300325005
    },
    "average": 0.4891663275699642,
    "n_components": 293
  }
}